{
    "name": "root",
    "gauges": {
        "FetchAgent.Policy.Entropy.mean": {
            "value": 1.4292627573013306,
            "min": 1.423928141593933,
            "max": 1.4346673488616943,
            "count": 10
        },
        "FetchAgent.Policy.Entropy.sum": {
            "value": 71841.890625,
            "min": 71058.875,
            "max": 73047.515625,
            "count": 10
        },
        "FetchAgent.Step.mean": {
            "value": 499992.0,
            "min": 49939.0,
            "max": 499992.0,
            "count": 10
        },
        "FetchAgent.Step.sum": {
            "value": 499992.0,
            "min": 49939.0,
            "max": 499992.0,
            "count": 10
        },
        "FetchAgent.Policy.ExtrinsicValueEstimate.mean": {
            "value": 0.4142155349254608,
            "min": 0.1294776201248169,
            "max": 0.4142155349254608,
            "count": 10
        },
        "FetchAgent.Policy.ExtrinsicValueEstimate.sum": {
            "value": 466.8209228515625,
            "min": 117.95411682128906,
            "max": 466.8209228515625,
            "count": 10
        },
        "FetchAgent.Environment.EpisodeLength.mean": {
            "value": 75.03592814371258,
            "min": 75.03592814371258,
            "max": 233.2714932126697,
            "count": 10
        },
        "FetchAgent.Environment.EpisodeLength.sum": {
            "value": 50124.0,
            "min": 40769.0,
            "max": 52402.0,
            "count": 10
        },
        "FetchAgent.Environment.CumulativeReward.mean": {
            "value": 0.7627245508982036,
            "min": 0.3,
            "max": 0.7627245508982036,
            "count": 10
        },
        "FetchAgent.Environment.CumulativeReward.sum": {
            "value": 509.5,
            "min": 63.0,
            "max": 509.5,
            "count": 10
        },
        "FetchAgent.Policy.ExtrinsicReward.mean": {
            "value": 0.7627245508982036,
            "min": 0.3,
            "max": 0.7627245508982036,
            "count": 10
        },
        "FetchAgent.Policy.ExtrinsicReward.sum": {
            "value": 509.5,
            "min": 63.0,
            "max": 509.5,
            "count": 10
        },
        "FetchAgent.Losses.PolicyLoss.mean": {
            "value": 0.022051327199442312,
            "min": 0.021479542446759294,
            "max": 0.026904735540544303,
            "count": 10
        },
        "FetchAgent.Losses.PolicyLoss.sum": {
            "value": 0.11025663599721157,
            "min": 0.09407524798783318,
            "max": 0.12484163919322477,
            "count": 10
        },
        "FetchAgent.Losses.ValueLoss.mean": {
            "value": 0.020320797798534237,
            "min": 0.0050416225738202525,
            "max": 0.020320797798534237,
            "count": 10
        },
        "FetchAgent.Losses.ValueLoss.sum": {
            "value": 0.10160398899267119,
            "min": 0.025208112869101264,
            "max": 0.10160398899267119,
            "count": 10
        },
        "FetchAgent.Policy.LearningRate.mean": {
            "value": 1.6180414606559995e-05,
            "min": 1.6180414606559995e-05,
            "max": 0.0002844054051981999,
            "count": 10
        },
        "FetchAgent.Policy.LearningRate.sum": {
            "value": 8.090207303279997e-05,
            "min": 8.090207303279997e-05,
            "max": 0.0012834108721964,
            "count": 10
        },
        "FetchAgent.Policy.Epsilon.mean": {
            "value": 0.10539344000000002,
            "min": 0.10539344000000002,
            "max": 0.1948018,
            "count": 10
        },
        "FetchAgent.Policy.Epsilon.sum": {
            "value": 0.5269672000000001,
            "min": 0.49965840000000006,
            "max": 0.9278036,
            "count": 10
        },
        "FetchAgent.Policy.Beta.mean": {
            "value": 0.005000000000000001,
            "min": 0.005000000000000001,
            "max": 0.005000000000000001,
            "count": 10
        },
        "FetchAgent.Policy.Beta.sum": {
            "value": 0.025000000000000005,
            "min": 0.020000000000000004,
            "max": 0.025000000000000005,
            "count": 10
        },
        "FetchAgent.IsTraining.mean": {
            "value": 1.0,
            "min": 1.0,
            "max": 1.0,
            "count": 10
        },
        "FetchAgent.IsTraining.sum": {
            "value": 1.0,
            "min": 1.0,
            "max": 1.0,
            "count": 10
        }
    },
    "metadata": {
        "timer_format_version": "0.1.0",
        "start_time_seconds": "1724072535",
        "python_version": "3.9.18 (main, Sep 11 2023, 14:09:26) [MSC v.1916 64 bit (AMD64)]",
        "command_line_arguments": "C:\\Users\\yasso\\anaconda3\\envs\\ml-project\\Scripts\\mlagents-learn config/FetchAgent.yaml --force --run-id=FetchAgent6",
        "mlagents_version": "0.30.0",
        "mlagents_envs_version": "0.30.0",
        "communication_protocol_version": "1.5.0",
        "pytorch_version": "1.7.1+cu110",
        "numpy_version": "1.21.2",
        "end_time_seconds": "1724072806"
    },
    "total": 270.77043100000003,
    "count": 1,
    "self": 0.03433130000001938,
    "children": {
        "run_training.setup": {
            "total": 0.2727596000000001,
            "count": 1,
            "self": 0.2727596000000001
        },
        "TrainerController.start_learning": {
            "total": 270.46334010000004,
            "count": 1,
            "self": 0.19667730000003303,
            "children": {
                "TrainerController._reset_env": {
                    "total": 5.8848873,
                    "count": 1,
                    "self": 5.8848873
                },
                "TrainerController.advance": {
                    "total": 264.33439659999993,
                    "count": 14692,
                    "self": 0.17298289999911276,
                    "children": {
                        "env_step": {
                            "total": 168.94464880000075,
                            "count": 14692,
                            "self": 146.72726109999957,
                            "children": {
                                "SubprocessEnvManager._take_step": {
                                    "total": 22.100318499999872,
                                    "count": 14692,
                                    "self": 0.5838058000011053,
                                    "children": {
                                        "TorchPolicy.evaluate": {
                                            "total": 21.516512699998767,
                                            "count": 11143,
                                            "self": 21.516512699998767
                                        }
                                    }
                                },
                                "workers": {
                                    "total": 0.11706920000130072,
                                    "count": 14692,
                                    "self": 0.0,
                                    "children": {
                                        "worker_root": {
                                            "total": 265.83033329999955,
                                            "count": 14692,
                                            "is_parallel": true,
                                            "self": 135.70021729999732,
                                            "children": {
                                                "steps_from_proto": {
                                                    "total": 0.000701600000000191,
                                                    "count": 1,
                                                    "is_parallel": true,
                                                    "self": 0.0002317999999998932,